name,category,vendor,price,product_url,is_sold_out,scraped_at
1in your order,dairy-eggs,Farm to PeopleFarm to PeopleSeasonal Produce Box - Small,6-8 items$25.00,https://farmtopeople.com/product/seasonal-produce-box-small-0302,False,2025-08-16T14:39:48.772606
,dairy-eggs,Farm to PeopleFarm to PeopleSeasonal Produce Box - Medium,8-10 items$35.00,https://farmtopeople.com/product/seasonal-produce-box-medium-0303,False,2025-08-16T14:39:48.804283
,dairy-eggs,Farm to PeopleFarm to PeopleSeasonal Produce Box - Large,9-11 items$45.00,https://farmtopeople.com/product/seasonal-produce-box-large-0304,False,2025-08-16T14:39:48.822671
,dairy-eggs,Farm to PeopleFarm to PeopleCooking Essentials,$4.29,https://farmtopeople.com/product/cooking-essentials-0343,False,2025-08-16T14:39:48.839639
,dairy-eggs,Farm to PeopleFarm to PeopleLocal Mushrooms,$14.99,https://farmtopeople.com/product/local-mushrooms-0344,False,2025-08-16T14:39:48.856641
1in your order,dairy-eggs,Farm to PeopleFarm to PeopleSeasonal Fruit Medley,$10.95,https://farmtopeople.com/product/seasonal-fruit-medley-0346,False,2025-08-16T14:39:48.873019
,dairy-eggs,Lancaster Farm Fresh CooperativeLancaster Farm Fresh ...Local Yellow Peaches,2 pieces$2.99,https://farmtopeople.com/product/yellow-peaches-4762,False,2025-08-16T14:39:48.890182
1in your box,dairy-eggs,Finger Foods FarmFinger Foods FarmOrganic Heirloom Tomatoes,1.0 Lbs$6.99,https://farmtopeople.com/product/mixed-heirloom-tomatoes-4227,False,2025-08-16T14:39:48.906105
,dairy-eggs,Halal PasturesHalal PasturesOrganic Jimmy Nardello Peppers,8 oz$5.99,https://farmtopeople.com/product/add-veg-5627,False,2025-08-16T14:39:48.922758
,dairy-eggs,Jersey FreshJersey FreshLocal Blueberries,1 pint$5.99,https://farmtopeople.com/product/add-fru-5529,False,2025-08-16T14:39:48.940646
,dairy-eggs,Eagle Road FarmEagle Road FarmOrganically Grown Mini Love Watermelon,1 piece$6.99,https://farmtopeople.com/product/add-fru-5629,False,2025-08-16T14:39:48.956396
,dairy-eggs,Eagle Road FarmEagle Road FarmOrganically Grown Black Beauty Eggplant,2 pieces$3.99,https://farmtopeople.com/product/add-veg-5628,False,2025-08-16T14:39:48.972436
,dairy-eggs,Reeves FarmReeves FarmBi-color Sweet Corn,3 pieces$2.99,https://farmtopeople.com/product/organic-sweet-corn-4029,False,2025-08-16T14:39:48.988405
1in your box,dairy-eggs,Sun Sprout FarmSun Sprout FarmOrganic Sungold Cherry Tomatoes,1 pint$5.99,https://farmtopeople.com/product/sungold-cherry-tomatoes-4770,False,2025-08-16T14:39:49.008581
,dairy-eggs,Halal PasturesHalal PasturesOrganic Green Giant Heirloom Tomatoes,2 pieces (~1 lb)$6.99,https://farmtopeople.com/product/add-veg-5632,False,2025-08-16T14:39:49.023669
,dairy-eggs,Oishii BerriesOishii BerriesKoyo Strawberries,8-11 ct$9.99,https://farmtopeople.com/product/fall-strawberries-1494,False,2025-08-16T14:39:49.039336
,dairy-eggs,Jersey FreshJersey FreshLocal Blueberries,1 pint$5.99,https://farmtopeople.com/product/add-fru-5529,False,2025-08-16T14:39:49.054522
,dairy-eggs,Lancaster Farm Fresh CooperativeLancaster Farm Fresh ...Local Yellow Peaches,2 pieces$2.99,https://farmtopeople.com/product/yellow-peaches-4762,False,2025-08-16T14:39:49.070911
1in your box,dairy-eggs,Weaver's OrchardWeaver's OrchardWhite Peaches,2 pieces$3.49,https://farmtopeople.com/product/white-peaches-4126,False,2025-08-16T14:39:49.101843
,dairy-eggs,Weaver's OrchardWeaver's OrchardRed Plums,1 pint$5.99,https://farmtopeople.com/product/red-plums-4079,False,2025-08-16T14:39:49.118368
1in your box,dairy-eggs,Hurd OrchardsHurd OrchardsWhite Donut Peaches,1 pint$5.99,https://farmtopeople.com/product/saturn-donut-peaches-4088,False,2025-08-16T14:39:49.134027
1in your box,dairy-eggs,Weaver's OrchardWeaver's OrchardYellow Nectarines,2 pieces$3.49,https://farmtopeople.com/product/add-fru-5294,False,2025-08-16T14:39:49.148635
,dairy-eggs,Frog Hollow FarmFrog Hollow FarmOrganic Yellow Nectarines,1 lb$7.99,https://farmtopeople.com/product/yellow-nectarines-3577,False,2025-08-16T14:39:49.165056
,dairy-eggs,Frog Hollow FarmFrog Hollow FarmOrganic Yellow Peaches,1 lb$7.99,https://farmtopeople.com/product/yellow-peaches-3925,False,2025-08-16T14:39:49.178972
,dairy-eggs,Frog Hollow FarmFrog Hollow FarmOrganic Flavor King Pluots,1 lb$6.99,https://farmtopeople.com/product/add-fru-5594,False,2025-08-16T14:39:49.195711
,dairy-eggs,FLX Farm FreshFLX Farm FreshOrganic Athena Cantaloupe,1 piece$5.99,https://farmtopeople.com/product/cantaloupe-4077,False,2025-08-16T14:39:49.211831
3in your box,dairy-eggs,Sunny HarvestSunny HarvestSugar Cube Cantaloupe,1 piece$3.99,https://farmtopeople.com/product/sugar-cube-cantaloupe-2065,False,2025-08-16T14:39:49.227566
,dairy-eggs,D&V OrganicsD&V OrganicsOrganic New Orchid Watermelon,1 piece$8.99,https://farmtopeople.com/product/yellow-doll-watermelon-2050,False,2025-08-16T14:39:49.243452
,dairy-eggs,Eagle Road FarmEagle Road FarmOrganically Grown Mini Love Watermelon,1 piece$6.99,https://farmtopeople.com/product/add-fru-5629,False,2025-08-16T14:39:49.259052
,dairy-eggs,Sassafras Creek FarmSassafras Creek FarmOrganic Mixed Figs,0.5 Pint$10.99,https://farmtopeople.com/product/add-fru-5370,False,2025-08-16T14:39:49.273682
,dairy-eggs,Linvilla OrchardLinvilla OrchardFredonia Grapes,1 Quart$10.99,https://farmtopeople.com/product/add-fru-5371,False,2025-08-16T14:39:49.289700
,dairy-eggs,Grown in CaliforniaGrown in CaliforniaOrganic Green Seedless Grapes,1 lb$5.99,https://farmtopeople.com/product/green-seedless-grapes-4245,False,2025-08-16T14:39:49.306318
,dairy-eggs,Grown in CaliforniaGrown in CaliforniaOrganic Red Seedless Grapes,1 lb$5.99,https://farmtopeople.com/product/red-seedless-grapes,False,2025-08-16T14:39:49.321079
,dairy-eggs,Weaver's OrchardWeaver's OrchardHoneycrisp Apples,2 pieces$3.49,https://farmtopeople.com/product/honeycrisp-apples-1489,False,2025-08-16T14:39:49.337128
,dairy-eggs,Hollabaugh Bros. Inc.Hollabaugh Bros. Inc.Gala Apples,2 pieces$2.99,https://farmtopeople.com/product/gala-apples-4257,False,2025-08-16T14:39:49.367218
,dairy-eggs,Weaver's OrchardWeaver's OrchardGinger Gold Apples,2 pieces$1.99,https://farmtopeople.com/product/ginger-gold-apples-3006,False,2025-08-16T14:39:49.384046
,dairy-eggs,Organic from MexicoOrganic from MexicoOrganic Lemons,2 pieces$1.99,https://farmtopeople.com/product/lemons-0067,False,2025-08-16T14:39:49.399872
,dairy-eggs,Organic from MexicoOrganic from MexicoOrganic Limes,2 pieces$1.49,https://farmtopeople.com/product/limes-0348,False,2025-08-16T14:39:49.415025
,dairy-eggs,"Lancaster Farm Fresh Cooperative Partner Farm, CaliforniaLancaster Farm Fresh ...Organic Red Grapefruit",1 piece$2.19,https://farmtopeople.com/product/ruby-red-grapefruit-4631,False,2025-08-16T14:39:49.429455
,dairy-eggs,Grown in CaliforniaGrown in CaliforniaOrganic Valencia Oranges,2 pieces$2.99,https://farmtopeople.com/product/valencia-oranges-4820,False,2025-08-16T14:39:49.445730
3in your order,dairy-eggs,Equal Exchange Fairly TradedEqual Exchange Fairly...Organic & Fair Trade Hass Avocados,1 piece$2.50,https://farmtopeople.com/product/organic-hass-avocados-0355,False,2025-08-16T14:39:49.461502
,dairy-eggs,Grown in Puerto RicoGrown in Puerto RicoKeitt Mangos,1 piece$2.99,https://farmtopeople.com/product/tommy-atkins-mango-3538,False,2025-08-16T14:39:49.477419
,dairy-eggs,Equal Exchange Fairly TradedEqual Exchange Fairly...Organic & Fair Trade Bananas (Unripe),1 bunch$2.49,https://farmtopeople.com/product/organic-fair-trade-bananas-1960,False,2025-08-16T14:39:49.493788
,dairy-eggs,Equal Exchange Fairly TradedEqual Exchange Fairly...Organic & Fair Trade Bananas (Ripe),1 bunch$2.49,https://farmtopeople.com/product/add-fru-5301,False,2025-08-16T14:39:49.509541
1in your box,dairy-eggs,Finger Foods FarmFinger Foods FarmOrganic Heirloom Tomatoes,1.0 Lbs$6.99,https://farmtopeople.com/product/mixed-heirloom-tomatoes-4227,False,2025-08-16T14:39:49.525106
,dairy-eggs,Halal PasturesHalal PasturesOrganic Green Giant Heirloom Tomatoes,2 pieces (~1 lb)$6.99,https://farmtopeople.com/product/add-veg-5632,False,2025-08-16T14:39:49.540255
,dairy-eggs,Taproot FarmTaproot FarmOrganic Fiorentino Costoluto Heirloom Tomatoes,1 lb$7.99,https://farmtopeople.com/product/imperfect-heirloom-tomatoes-4050,False,2025-08-16T14:39:49.555395
,dairy-eggs,Cherry Lane FarmCherry Lane FarmSan Marzano Tomatoes,1 Lbs$2.99,https://farmtopeople.com/product/san-marzano-tomatoes-3010,False,2025-08-16T14:39:49.571492
,dairy-eggs,Row 7 Seed CompanyRow 7 Seed CompanyOrganic Midnight Roma Tomatoes,1 lb$8.99,https://farmtopeople.com/product/midnight-roma-tomatoes-4161,False,2025-08-16T14:39:49.587452
,dairy-eggs,Eagle Road FarmEagle Road FarmOrganically Grown Mixed Cherry Tomatoes,1 pint$2.49$4.99,https://farmtopeople.com/product/add-veg-5624,False,2025-08-16T14:39:49.603626
1in your box,dairy-eggs,Sun Sprout FarmSun Sprout FarmOrganic Sungold Cherry Tomatoes,1 pint$5.99,https://farmtopeople.com/product/sungold-cherry-tomatoes-4770,False,2025-08-16T14:39:49.619244
,dairy-eggs,Lancaster Farm Fresh CooperativeLancaster Farm Fresh ...Organic Roma Tomatoes,1.0 Lbs$3.99,https://farmtopeople.com/product/plum-tomatoes-4805,False,2025-08-16T14:39:49.635366
,dairy-eggs,Lancaster Farm Fresh CooperativeLancaster Farm Fresh ...Organic Beefsteak Tomatoes,2 pieces$3.99,https://farmtopeople.com/product/beef-steak-organic-tomatoes-4031,False,2025-08-16T14:39:49.651094
,dairy-eggs,Lancaster Farm Fresh CooperativeLancaster Farm Fresh ...Organic Red Cherry Tomatoes,1 pint$4.99,https://farmtopeople.com/product/mixed-cherry-tomatoes-3922,False,2025-08-16T14:39:49.666765
,dairy-eggs,Dagele Brothers ProduceDagele Brothers Produ...Red Tomatoes on the Vine,3 pieces$2.99,https://farmtopeople.com/product/red-tomatoes-4599,False,2025-08-16T14:39:49.682604
,dairy-eggs,Lancaster Farm Fresh CooperativeLancaster Farm Fresh ...Organic Green Tomatoes,2 pieces$5.99,https://farmtopeople.com/product/green-tomatoes-1959,False,2025-08-16T14:39:49.698422
1in your box,dairy-eggs,Reeves FarmReeves FarmSlicing Cucumbers,2 pieces$2.99,https://farmtopeople.com/product/slicing-cucumbers-5026,False,2025-08-16T14:39:49.713990
,dairy-eggs,Sunny HarvestSunny HarvestUnagi Cucumbers,2 pieces$2.99,https://farmtopeople.com/product/unagi-cucumbers-4761,False,2025-08-16T14:39:49.729802
,dairy-eggs,Eagle Road FarmEagle Road FarmOrganically Grown Slicing Cucumbers,2 pieces$3.99,https://farmtopeople.com/product/add-veg-5625,False,2025-08-16T14:39:49.745356
,dairy-eggs,Sun Sprout FarmSun Sprout FarmOrganic Green Zucchini,2 pieces$3.99,https://farmtopeople.com/product/green-zucchini-0409,False,2025-08-16T14:39:49.761946
2in your box,dairy-eggs,Reeves FarmReeves FarmGreen Zucchini,2 pieces$2.99,https://farmtopeople.com/product/mixed-heirloom-zucchini-1932,False,2025-08-16T14:39:49.778965
,dairy-eggs,Sun Sprout FarmSun Sprout FarmOrganic Goldbar Zucchini,2 pieces$3.99,https://farmtopeople.com/product/add-veg-5531,False,2025-08-16T14:39:49.794826
,dairy-eggs,Lancaster Farm Fresh CooperativeLancaster Farm Fresh ...Organic Squash Blossoms,6 blossoms$10.99,https://farmtopeople.com/product/black-futsu-squash-4565,False,2025-08-16T14:39:49.810925
,dairy-eggs,Norwich Meadows FarmNorwich Meadows FarmOrganic Sweet Corn,2 pieces$3.99,https://farmtopeople.com/product/sweet-corn-4249,False,2025-08-16T14:39:49.826636
,dairy-eggs,Reeves FarmReeves FarmBi-color Sweet Corn,3 pieces$2.99,https://farmtopeople.com/product/organic-sweet-corn-4029,False,2025-08-16T14:39:49.842593
,dairy-eggs,FLX Farm FreshFLX Farm FreshOrganic Italian Eggplant,1 piece$2.99,https://farmtopeople.com/product/italian-eggplant-4057,False,2025-08-16T14:39:49.857844
,dairy-eggs,Ironbound FarmIronbound FarmOrganic Graffiti Eggplant,2 pieces$2.99$4.49,https://farmtopeople.com/product/graffiti-eggplant-1493,False,2025-08-16T14:39:49.873437
,dairy-eggs,Sunny HarvestSunny HarvestFairytale Eggplant,12 oz$1.99$2.99,https://farmtopeople.com/product/fairy-tale-eggplant-0455,False,2025-08-16T14:39:49.888401
,dairy-eggs,Sunny HarvestSunny HarvestAsian Eggplant,2 pieces$3.49,https://farmtopeople.com/product/sicilian-or-asian-eggplant-1980,False,2025-08-16T14:39:49.904602
,dairy-eggs,Halal PasturesHalal PasturesOrganic Rosa Bianca Eggplant,2 pieces$4.99,https://farmtopeople.com/product/add-veg-5373,False,2025-08-16T14:39:49.920508
,dairy-eggs,Halal PasturesHalal PasturesOrganic White Eggplant,1 piece$4.99,https://farmtopeople.com/product/white-eggplant-organic-4767,False,2025-08-16T14:39:49.940153
2in your box,dairy-eggs,Sun Sprout FarmSun Sprout FarmOrganic Fairytale Eggplant,8.0 oz$4.49,https://farmtopeople.com/product/fairy-tale-eggplant-4785,False,2025-08-16T14:39:49.956797
,dairy-eggs,Eagle Road FarmEagle Road FarmOrganically Grown Black Beauty Eggplant,2 pieces$3.99,https://farmtopeople.com/product/add-veg-5628,False,2025-08-16T14:39:49.972953
,dairy-eggs,Markristo FarmMarkristo FarmOrganic Green Bell Peppers,2 pieces$4.49,https://farmtopeople.com/product/add-veg-5297,False,2025-08-16T14:39:49.989098
1in your box,dairy-eggs,Halal PasturesHalal PasturesOrganic Red Bell Peppers,3 pieces$5.49,https://farmtopeople.com/product/add-veg-5272,False,2025-08-16T14:39:50.005742
,dairy-eggs,Sunny HarvestSunny HarvestRed Fresno Peppers,12 oz$3.99,https://farmtopeople.com/product/add-veg-5371,False,2025-08-16T14:39:50.021368
,dairy-eggs,Halal PasturesHalal PasturesOrganic Corno Di Toro Peppers,8 oz$3.99,https://farmtopeople.com/product/add-veg-4229,False,2025-08-16T14:39:50.038094
,dairy-eggs,Lancaster Farm Fresh CooperativeLancaster Farm Fresh ...Organic Jalapeno Peppers,5 pieces$3.99,https://farmtopeople.com/product/jalapeno-peppers-0475,False,2025-08-16T14:39:50.054135
,dairy-eggs,Halal PasturesHalal PasturesOrganic Shishito Peppers,8 oz$3.99,https://farmtopeople.com/product/shishito-peppers-organic-4909,False,2025-08-16T14:39:50.071666
,dairy-eggs,Halal PasturesHalal PasturesOrganic Jimmy Nardello Peppers,8 oz$5.99,https://farmtopeople.com/product/add-veg-5627,False,2025-08-16T14:39:50.087571
,dairy-eggs,Markristo FarmMarkristo FarmOrganic Poblano Peppers,8 oz$3.99,https://farmtopeople.com/product/add-veg-5630,False,2025-08-16T14:39:50.103321
,dairy-eggs,Halal PasturesHalal PasturesOrganic Lunchbox Peppers,8 oz$3.99,https://farmtopeople.com/product/red-bell-peppers-SKU2322,False,2025-08-16T14:39:50.120350
,dairy-eggs,Halal PasturesHalal PasturesOrange Bell Peppers (Organic),2 pieces$5.99,https://farmtopeople.com/product/add-veg-5634,False,2025-08-16T14:39:50.136411
,dairy-eggs,Grown in CaliforniaGrown in CaliforniaOrganic Baby Spinach,4 oz$4.99,https://farmtopeople.com/product/savoy-spinach-1821,False,2025-08-16T14:39:50.152764
,dairy-eggs,Blue Moon AcresBlue Moon AcresOrganic Baby Arugula,4 oz$4.99,https://farmtopeople.com/product/baby-arugula-4660,False,2025-08-16T14:39:50.169818
,dairy-eggs,Blue Moon AcresBlue Moon AcresOrganic Mixed Specialty Lettuce,5 oz$5.09$5.99,https://farmtopeople.com/product/mixed-specialty-lettuce-3166,False,2025-08-16T14:39:50.186061
,dairy-eggs,Lancaster Farm Fresh CooperativeLancaster Farm Fresh ...Organic Little Gem Lettuce,2 heads$3.99,https://farmtopeople.com/product/little-gem-lettuce-4478,False,2025-08-16T14:39:50.202890
,dairy-eggs,Sun Sprout FarmSun Sprout FarmOrganic Leaf Lettuce,1 head$3.99,https://farmtopeople.com/product/add-veg-5450,False,2025-08-16T14:39:50.219394
1in your box,dairy-eggs,Pedersen FarmsPedersen FarmsOrganic Romaine Lettuce,1 head$2.99,https://farmtopeople.com/product/romaine-lettuce-4670,False,2025-08-16T14:39:50.235619
1in your box,dairy-eggs,Pedersen FarmsPedersen FarmsOrganic Red Kale,1 bunch$2.99,https://farmtopeople.com/product/add-veg-5841,False,2025-08-16T14:39:50.252317
,dairy-eggs,Satur FarmsSatur FarmsBaby Spinach,4 oz$3.99,https://farmtopeople.com/product/add-veg-5211,False,2025-08-16T14:39:50.268721
,dairy-eggs,Agrarian FeastAgrarian FeastOrganic Kale Microgreens,1.25 oz$8.99,https://farmtopeople.com/product/kale-flower-sprouts-1705,False,2025-08-16T14:39:50.285079
,dairy-eggs,Agrarian FeastAgrarian FeastOrganic Pea Shoots,3 oz$8.99,https://farmtopeople.com/product/pea-shoots-5108,False,2025-08-16T14:39:50.300524
,dairy-eggs,Agrarian FeastAgrarian FeastOrganic Sunflower Shoots,3.25 oz$8.99,https://farmtopeople.com/product/sunflower-sprouts-5107,False,2025-08-16T14:39:50.317006
,dairy-eggs,Agrarian FeastAgrarian FeastOrganic Broccoli Microgreens,1.25 oz$8.99,https://farmtopeople.com/product/broccoli-sprouts-5109,True,2025-08-16T14:39:50.332641
,dairy-eggs,Hepworth FarmsHepworth FarmsOrganic Swiss Chard,1 bunch$3.99,https://farmtopeople.com/product/rainbow-chard-2361,False,2025-08-16T14:39:50.346870
,dairy-eggs,Row by Row FarmRow by Row FarmOrganic Green Kale,1 bunch$2.99,https://farmtopeople.com/product/green-kale-2477,False,2025-08-16T14:39:50.360602
1in your box,dairy-eggs,Pedersen FarmsPedersen FarmsOrganic Red Kale,1 bunch$2.99,https://farmtopeople.com/product/add-veg-5841,False,2025-08-16T14:39:50.376003
,dairy-eggs,Sun Sprout FarmSun Sprout FarmOrganic Lacinato Kale,1 bunch$3.29,https://farmtopeople.com/product/lacinato-kale-1501,False,2025-08-16T14:39:50.393187
,dairy-eggs,Lancaster Farm Fresh CooperativeLancaster Farm Fresh ...Organic Collard Greens,1 bunch$2.99,https://farmtopeople.com/product/add-veg-6831,False,2025-08-16T14:39:50.411569
,dairy-eggs,Lancaster Farm Fresh CooperativeLancaster Farm Fresh ...Organic Bok Choy,2 pieces$4.99,https://farmtopeople.com/product/bok-choy-organic-4908,False,2025-08-16T14:39:50.430970
,dairy-eggs,Sun Sprout FarmSun Sprout FarmOrganic Baby Celery,1 head$3.99,https://farmtopeople.com/product/celery-4493,False,2025-08-16T14:39:50.448603
,dairy-eggs,Ocean Mist FarmOcean Mist FarmArtichokes,2 pieces$5.99,https://farmtopeople.com/product/artichoke-1820,False,2025-08-16T14:39:50.463918
,dairy-eggs,Lancaster Farm Fresh CooperativeLancaster Farm Fresh ...Organic Okra,8 oz$4.99,https://farmtopeople.com/product/red-okra-organic-4781,False,2025-08-16T14:39:50.481857
3in your order,dairy-eggs,Equal Exchange Fairly TradedEqual Exchange Fairly...Organic & Fair Trade Hass Avocados,1 piece$2.50,https://farmtopeople.com/product/organic-hass-avocados-0355,False,2025-08-16T14:39:50.499354
,dairy-eggs,Sun Sprout FarmSun Sprout FarmOrganic Fennel,2 heads$2.99$3.99,https://farmtopeople.com/product/add-veg-5239,False,2025-08-16T14:39:50.516477
,dairy-eggs,Sun Sprout FarmSun Sprout FarmOrganic Garlic Scapes,1 bunch$3.99,https://farmtopeople.com/product/garlic-scapes-organic-4749,False,2025-08-16T14:39:50.533466
,dairy-eggs,Lancaster Farm Fresh CooperativeLancaster Farm Fresh ...Organic Squash Blossoms,6 blossoms$10.99,https://farmtopeople.com/product/black-futsu-squash-4565,False,2025-08-16T14:39:50.552008
,dairy-eggs,Halal PasturesHalal PasturesOrganic Tri-Color String Beans,12 oz$5.99,https://farmtopeople.com/product/add-veg-5565,False,2025-08-16T14:39:50.568016
,dairy-eggs,Lancaster Farm Fresh CooperativeLancaster Farm Fresh ...Organic Yellow Wax Beans,8 oz$4.99,https://farmtopeople.com/product/add-veg-5575,False,2025-08-16T14:39:50.584879
,dairy-eggs,Eagle Road FarmEagle Road FarmOrganically Grown Green Beans,12 oz$3.99,https://farmtopeople.com/product/add-veg-5621,False,2025-08-16T14:39:50.601069
,dairy-eggs,Grown in CaliforniaGrown in CaliforniaOrganic Broccoli,1 bunch$4.49,https://farmtopeople.com/product/broccoli-4483,False,2025-08-16T14:39:50.618606
,dairy-eggs,Taproot FarmTaproot FarmOrganic Sprouting Broccoli,8 oz$5.99,https://farmtopeople.com/product/sprouting-broccoli-organic-5010,False,2025-08-16T14:39:50.636373
,dairy-eggs,Smith's FarmSmith's FarmBroccoli Crown,1 head$2.99,https://farmtopeople.com/product/add-veg-5977,False,2025-08-16T14:39:50.654383
,dairy-eggs,Smith's FarmSmith's FarmWhite Cauliflower,1 head$3.99,https://farmtopeople.com/product/white-cauliflower-4561,False,2025-08-16T14:39:50.671165
,dairy-eggs,Dagele Brothers ProduceDagele Brothers Produ...Cheddar Cauliflower,1 head$4.99,https://farmtopeople.com/product/cheddar-cauliflower-SKU2301,False,2025-08-16T14:39:50.688187
,dairy-eggs,Dagele Brothers ProduceDagele Brothers Produ...Green Cabbage,1 head$3.29,https://farmtopeople.com/product/green-cabbage-organic-4935,False,2025-08-16T14:39:50.706847
,dairy-eggs,MX Morningstar FarmMX Morningstar FarmOrganic Caraflex Cabbage,1 head$4.99,https://farmtopeople.com/product/caraflex-cabbage-1878,False,2025-08-16T14:39:50.724078
,dairy-eggs,Dagele Brothers ProduceDagele Brothers Produ...Red Cabbage,1 head$4.99,https://farmtopeople.com/product/red-cabbage-1714,False,2025-08-16T14:39:50.740294
,dairy-eggs,Sun Sprout FarmSun Sprout FarmOrganic Bunched Kohlrabi,1 bunch$2.99,https://farmtopeople.com/product/purple-kohlrabi-2320,False,2025-08-16T14:39:50.759102
,dairy-eggs,Grown in CaliforniaGrown in CaliforniaOrganic Brussel Sprouts,12.0 oz$5.99,https://farmtopeople.com/product/brussels-sprouts-4533,False,2025-08-16T14:39:50.775260
1in your box,dairy-eggs,Sun Sprout FarmSun Sprout FarmOrganic Bunched Orange Carrots,1 bunch$3.99,https://farmtopeople.com/product/orange-carrots-4647,False,2025-08-16T14:39:50.790163
,dairy-eggs,Sun Sprout FarmSun Sprout FarmOrganic Orange Carrots,1 lb$3.99,https://farmtopeople.com/product/loose-orange-carrots-0357,False,2025-08-16T14:39:50.810542
,dairy-eggs,Jericho Settlers FarmJericho Settlers FarmOrganic Baby Orange Carrots,1 Lbs$8.99,https://farmtopeople.com/product/baby-carrots-2089,False,2025-08-16T14:39:50.827970
,dairy-eggs,Sun Sprout FarmSun Sprout FarmOrganic Bunched Rainbow Carrots,1 bunch$3.99,https://farmtopeople.com/product/orange-or-rainbow-carrots-4163,False,2025-08-16T14:39:50.847554
,dairy-eggs,Dagele Brothers ProduceDagele Brothers Produ...Yukon Gold Potatoes,2 lbs$3.99,https://farmtopeople.com/product/yukon-gold-potatoes-0010,False,2025-08-16T14:39:50.866071
,dairy-eggs,Dagele Brothers ProduceDagele Brothers Produ...Red Potatoes,1 lbs$1.99,https://farmtopeople.com/product/add-veg-5439,False,2025-08-16T14:39:50.880722
,dairy-eggs,North Carolina GrownNorth Carolina GrownSweet Potatoes,1.5 Lbs$2.99,https://farmtopeople.com/product/sweet-potatoes-3169,False,2025-08-16T14:39:50.897776
,dairy-eggs,North Carolina GrownNorth Carolina GrownOrganic Sweet Potatoes,1.5 Lbs$5.99,https://farmtopeople.com/product/orange-sweet-potatoes-0009,False,2025-08-16T14:39:50.912583
1in your box,dairy-eggs,Sun Sprout FarmSun Sprout FarmOrganic Red Fingerling Potatoes,1.0 Lbs$4.99,https://farmtopeople.com/product/mixed-fingerling-potatoes-3359,False,2025-08-16T14:39:50.927864
,dairy-eggs,Greater TaterGreater TaterMixed Fingerling Potatoes,1 lbs$4.99,https://farmtopeople.com/product/add-veg-5579,False,2025-08-16T14:39:50.944182
,dairy-eggs,Sun Sprout FarmSun Sprout FarmOrganic Fenway New Potatoes,1 lbs$2.99,https://farmtopeople.com/product/add-veg-5578,False,2025-08-16T14:39:50.959807
,dairy-eggs,Sun Sprout FarmSun Sprout FarmOrganic Belmonda New Potatoes,1 lbs$2.99,https://farmtopeople.com/product/add-veg-5577,False,2025-08-16T14:39:50.975242
,dairy-eggs,Sun Sprout FarmSun Sprout FarmOrganic Peter Wilcox Potatoes,1 Lbs$2.99,https://farmtopeople.com/product/add-veg-5576,False,2025-08-16T14:39:50.989779
,dairy-eggs,La GramaLa GramaOrganic Ginger Root,4 oz$1.99,https://farmtopeople.com/product/ginger-root-3320,False,2025-08-16T14:39:51.005365
,dairy-eggs,Grown in JamaicaGrown in JamaicaOrganic Turmeric Root,4 oz$2.99,https://farmtopeople.com/product/fresh-turmeric-3145,False,2025-08-16T14:39:51.020415
,dairy-eggs,Sun Sprout FarmSun Sprout FarmOrganic Red Radishes,1 bunch$3.99,https://farmtopeople.com/product/red-radishes-4936,False,2025-08-16T14:39:51.036245
,dairy-eggs,Sun Sprout FarmSun Sprout FarmOrganic French Breakfast Radishes,1 bunch$3.99,https://farmtopeople.com/product/loose-french-breakfast-radishes-0436,False,2025-08-16T14:39:51.051617
,dairy-eggs,Lancaster Farm Fresh CooperativeLancaster Farm Fresh ...Organic Loose Red Beets,1 lbs$2.99,https://farmtopeople.com/product/loose-red-beets-1706,False,2025-08-16T14:39:51.066870
,dairy-eggs,Row 7 Seed CompanyRow 7 Seed CompanyOrganic Badger Flame Beets,1 lbs$5.99,https://farmtopeople.com/product/badger-flame-beets-3055,False,2025-08-16T14:39:51.081918
,dairy-eggs,Sun Sprout FarmSun Sprout FarmOrganic Gold Beets,1 Lbs$2.99,https://farmtopeople.com/product/add-veg-5522,False,2025-08-16T14:39:51.098152
,dairy-eggs,Sun Sprout FarmSun Sprout FarmOrganic Bunched Kohlrabi,1 bunch$2.99,https://farmtopeople.com/product/purple-kohlrabi-2320,False,2025-08-16T14:39:51.113269
,dairy-eggs,Farm to PeopleFarm to PeopleLocal Mushrooms,$14.99,https://farmtopeople.com/product/local-mushrooms-0344,False,2025-08-16T14:39:51.128789
,dairy-eggs,Tivoli MushroomsTivoli MushroomsOrganic Lion's Mane Mushrooms,4 oz$6.49,https://farmtopeople.com/product/lions-mane-mushrooms-1499,False,2025-08-16T14:39:51.144892
,dairy-eggs,Tivoli MushroomsTivoli MushroomsOrganic Yellow Oyster Mushrooms,6 oz$7.99,https://farmtopeople.com/product/yellow-oyster-mushrooms-1845,False,2025-08-16T14:39:51.160575
,dairy-eggs,Tivoli MushroomsTivoli MushroomsOrganic Blue Oyster Mushrooms,4 oz$5.29,https://farmtopeople.com/product/blue-oyster-mushrooms-0632,False,2025-08-16T14:39:51.175833
,dairy-eggs,Tivoli MushroomsTivoli MushroomsOrganic Pioppini Mushrooms,6 oz$8.99,https://farmtopeople.com/product/add-veg-4026,False,2025-08-16T14:39:51.190801
,dairy-eggs,Tivoli MushroomsTivoli MushroomsOrganic Beech Mushrooms,4 oz$6.49,https://farmtopeople.com/product/beech-mushrooms-1906,False,2025-08-16T14:39:51.206099
,dairy-eggs,Kennett Square SpecialtiesKennett Square Specia...Cremini Mushrooms,8 oz$3.49,https://farmtopeople.com/product/cremini-mushrooms-1498,False,2025-08-16T14:39:51.221856
,dairy-eggs,Kennett Square SpecialtiesKennett Square Specia...Portobello Mushrooms,10 oz$4.49,https://farmtopeople.com/product/portobello-mushrooms-1736,False,2025-08-16T14:39:51.236706
,dairy-eggs,Tivoli MushroomsTivoli MushroomsOrganic Maitake Mushrooms,4 oz$8.29,https://farmtopeople.com/product/maitake-mushrooms-1919,False,2025-08-16T14:39:51.252204
,dairy-eggs,Tivoli MushroomsTivoli MushroomsOrganic Royal Trumpet Mushrooms,6 oz$8.29,https://farmtopeople.com/product/royal-trumpet-mushrooms-4132,False,2025-08-16T14:39:51.267132
,dairy-eggs,Kennett Square SpecialtiesKennett Square Specia...Shiitake Mushrooms,6 oz$5.99,https://farmtopeople.com/product/shiitake-mushrooms-3941,False,2025-08-16T14:39:51.282453
,dairy-eggs,Farm to PeopleFarm to PeopleCooking Essentials,$4.29,https://farmtopeople.com/product/cooking-essentials-0343,False,2025-08-16T14:39:51.297016
,dairy-eggs,Christopher Ranch GarlicChristopher Ranch Gar...Organic Garlic,1 head$1.00,https://farmtopeople.com/product/garlic-1389,False,2025-08-16T14:39:51.313278
,dairy-eggs,Dagele Brothers ProduceDagele Brothers Produ...Yellow Onions,3 pieces (1 lb)$1.79,https://farmtopeople.com/product/yellow-onions-0008,False,2025-08-16T14:39:51.328304
,dairy-eggs,Dagele Brothers ProduceDagele Brothers Produ...Yellow Onions,2.0 Lbs$2.49,https://farmtopeople.com/product/add-veg-6810,False,2025-08-16T14:39:51.343838
,dairy-eggs,Dagele Brothers ProduceDagele Brothers Produ...Red Onions,3 Pieces (1 lb)$1.79,https://farmtopeople.com/product/red-onions-1848,False,2025-08-16T14:39:51.361127
,dairy-eggs,Dagele Brothers ProduceDagele Brothers Produ...Red Onions,2 Lbs$3.49,https://farmtopeople.com/product/add-veg-6816,False,2025-08-16T14:39:51.377821
,dairy-eggs,Grown in CaliforniaGrown in CaliforniaShallots,4 pieces$2.49,https://farmtopeople.com/product/shallots-2534,False,2025-08-16T14:39:51.395013
,dairy-eggs,Sun Sprout FarmSun Sprout FarmOrganic Garlic Scapes,1 bunch$3.99,https://farmtopeople.com/product/garlic-scapes-organic-4749,False,2025-08-16T14:39:51.412103
,dairy-eggs,Row 7 Seed CompanyRow 7 Seed CompanyOrganic Sweet Garleek,8 oz$3.99,https://farmtopeople.com/product/add-veg-5296,False,2025-08-16T14:39:51.427399
,dairy-eggs,Sun Sprout FarmSun Sprout FarmOrganic Scallions,1 bunch$3.99,https://farmtopeople.com/product/scallions-1487,False,2025-08-16T14:39:51.443234
,dairy-eggs,FLX Farm FreshFLX Farm FreshOrganic Fresh Sweet Onions,1 piece$2.49,https://farmtopeople.com/product/add-veg-5560,False,2025-08-16T14:39:51.458122
,dairy-eggs,Sun Sprout FarmSun Sprout FarmOrganic Fresh Basil,1 bunch$4.99,https://farmtopeople.com/product/sweet-broadleaf-basil-1983,False,2025-08-16T14:39:51.473761
,dairy-eggs,Sun Sprout FarmSun Sprout FarmOrganic Italian Parsley,1 bunch$3.29,https://farmtopeople.com/product/italian-parsley-4742,False,2025-08-16T14:39:51.488946
,dairy-eggs,Grown in CaliforniaGrown in CaliforniaOrganic Cilantro,1 bunch$2.99,https://farmtopeople.com/product/cilantro-3568,False,2025-08-16T14:39:51.504779
,dairy-eggs,Lancaster Farm Fresh CooperativeLancaster Farm Fresh ...Organic Dill,1 bunch$3.49,https://farmtopeople.com/product/dill-1889,False,2025-08-16T14:39:51.519986
,dairy-eggs,Sun Sprout FarmSun Sprout FarmOrganic Bunched Spearmint,1 bunch$3.99,https://farmtopeople.com/product/mint-1999,False,2025-08-16T14:39:51.535318
,dairy-eggs,Sucker Brook FarmSucker Brook FarmOrganic Bunched Rosemary,1 bunch$4.99,https://farmtopeople.com/product/add-herb-5476,False,2025-08-16T14:39:51.551376
,dairy-eggs,Lancaster Farm Fresh CooperativeLancaster Farm Fresh ...Organic Bunched Thyme,1 bunch$4.99,https://farmtopeople.com/product/thyme-2452,False,2025-08-16T14:39:51.566365
,dairy-eggs,Sucker Brook FarmSucker Brook FarmOrganic Chives,1 bunch$4.99,https://farmtopeople.com/product/chives-2059,False,2025-08-16T14:39:51.580692
,dairy-eggs,Lancaster Farm Fresh CooperativeLancaster Farm Fresh ...Organic Bunched Sage,1 bunch$4.49,https://farmtopeople.com/product/sage-4743,False,2025-08-16T14:39:51.595974
,dairy-eggs,Sunny HarvestSunny HarvestSeasonal Flower Bouquet,1 bouquet$16.99,https://farmtopeople.com/product/fall-bouquet-4966,False,2025-08-16T14:39:51.611751
,dairy-eggs,Sunny HarvestSunny HarvestDahlias,1 bunch$15.99,https://farmtopeople.com/product/add-flo-5605,False,2025-08-16T14:39:51.628670
,dairy-eggs,Sunny HarvestSunny HarvestMarigolds,1 bunch$15.99,https://farmtopeople.com/product/add-flo-5604,False,2025-08-16T14:39:51.643656
,dairy-eggs,Sunny HarvestSunny HarvestSunflowers,1 bunch$7.99,https://farmtopeople.com/product/add-flo-5603,False,2025-08-16T14:39:51.658030
,dairy-eggs,Seal the SeasonsSeal the SeasonsFrozen Pennsylvania Sliced Peaches,32.0 Ounce$13.79,https://farmtopeople.com/product/frozen-pennsylvania-sliced-peaches-3439,False,2025-08-16T14:39:51.672762
,dairy-eggs,Seal the SeasonsSeal the SeasonsFrozen New York Tart Cherries,32.0 Ounce$13.79,https://farmtopeople.com/product/frozen-new-york-tart-cherries-3438,False,2025-08-16T14:39:51.688995
,dairy-eggs,Seal the SeasonsSeal the SeasonsSuper Greens Cleanse Smoothie Mix,24.0 Ounce$12.99,https://farmtopeople.com/product/super-greens-cleanse-smoothie-mix-4508,False,2025-08-16T14:39:51.704031
,dairy-eggs,Seal the SeasonsSeal the SeasonsCherry Berry Blend,32.0 Ounce$13.79,https://farmtopeople.com/product/cherry-berry-blend-4012,False,2025-08-16T14:39:51.719579
,dairy-eggs,Seal the SeasonsSeal the SeasonsAÃ§ai Antioxidant Smoothie Mix,24.0 Ounce$12.99,https://farmtopeople.com/product/a-ai-antioxidant-smoothie-mix-4506,False,2025-08-16T14:39:51.734472
,dairy-eggs,Seal the SeasonsSeal the SeasonsDragonfruit Probiotic Smoothie Mix,32.0 Ounce$13.79,https://farmtopeople.com/product/frozen-new-jersey-blueberries-3850,False,2025-08-16T14:39:51.749137
,dairy-eggs,Seal the SeasonsSeal the SeasonsBlue Spirulina Tropical Smoothie Kit,24.0 oz$12.99,https://farmtopeople.com/product/add-sts-4434,False,2025-08-16T14:39:51.764184
,dairy-eggs,Seal the SeasonsSeal the SeasonsOrganic Frozen New Jersey Blueberries,32.0 Ounce$16.99,https://farmtopeople.com/product/frozen-new-jersey-blueberries-3437,False,2025-08-16T14:39:51.780092
,dairy-eggs,Seal the SeasonsSeal the SeasonsOrganic Frozen Maine Wild Blueberries,32.0 oz$16.99,https://farmtopeople.com/product/add-fru-6785,False,2025-08-16T14:39:51.795084
,dairy-eggs,Headwater Food HubHeadwater Food HubFrozen Peas,24 oz$5.99,https://farmtopeople.com/product/add-veg-5507,False,2025-08-16T14:39:51.809789
,dairy-eggs,Headwater Food HubHeadwater Food HubFrozen Corn,24 oz$5.99,https://farmtopeople.com/product/add-veg-5506,False,2025-08-16T14:39:51.824512
,dairy-eggs,Headwater Food HubHeadwater Food HubFrozen Green Beans,20 oz$4.99,https://farmtopeople.com/product/add-veg-5512,False,2025-08-16T14:39:51.839204
,dairy-eggs,Headwater Food HubHeadwater Food HubFrozen Carrots,24 oz$4.99,https://farmtopeople.com/product/add-veg-5511,False,2025-08-16T14:39:51.854232
,dairy-eggs,Hudson HarvestHudson HarvestFrozen Diced Bell Peppers,10.0 Ounce$5.99,https://farmtopeople.com/product/frozen-diced-bell-peppers-3362,False,2025-08-16T14:39:51.869648
,dairy-eggs,Hudson HarvestHudson HarvestFrozen Cherry Tomatoes,10.0 Ounce$5.49,https://farmtopeople.com/product/frozen-cherry-tomatoes-3351,False,2025-08-16T14:39:51.884697
,dairy-eggs,Hudson HarvestHudson HarvestFrozen Cauliflower Rice,10.0 Ounce$5.99,https://farmtopeople.com/product/frozen-cauliflower-rice-3350,False,2025-08-16T14:39:51.900014
